,subreddit
0,funny
1,AskReddit
2,todayilearned
3,science
4,worldnews
5,pics
6,IAmA
7,gaming
8,videos
9,movies
10,aww
11,Music
12,blog
13,gifs
14,news
15,explainlikeimfive
16,askscience
17,EarthPorn
18,books
19,television
20,mildlyinteresting
21,LifeProTips
22,Showerthoughts
23,space
24,DIY
25,Jokes
26,gadgets
27,nottheonion
28,sports
29,tifu
30,food
31,InternetIsBeautiful
32,photoshopbattles
33,Documentaries
34,history
35,Futurology
36,dataisbeautiful
37,UpliftingNews
38,listentothis
39,personalfinance
40,GetMotivated
41,OldSchoolCool
42,philosophy
43,Art
44,nosleep
45,WritingPrompts
46,creepy
47,TwoXChromosomes
48,Fitness
49,technology
50,WTF
51,bestof
52,AdviceAnimals
53,politics
54,atheism
55,interestingasfuck
56,europe
57,woahdude
58,BlackPeopleTwitter
59,gonewild
60,leagueoflegends
61,pcmasterrace
62,oddlysatisfying
63,reactiongifs
64,gameofthrones
65,wholesomememes
66,Unexpected
67,Overwatch
68,trees
69,facepalm
70,Android
71,lifehacks
72,me_irl
73,relationships
74,Games
75,nba
76,programming
77,tattoos
78,nsfw
79,cringepics
80,CrappyDesign
81,4chan
82,dankmemes
83,NatureIsFuckingLit
84,Whatcouldgowrong
85,pokemon
86,sex
87,soccer
88,comics
89,NSFW_GIF
90,malefashionadvice
91,Frugal
92,StarWars
93,RealGirls
94,HistoryPorn
95,fffffffuuuuuuuuuuuu
96,OutOfTheLoop
97,AnimalsBeingJerks
98,buildapc
